Place,Price Range,Types,Address,Postal Code,City,State,Country,Latitude,Longitude
Meadowood Mall,,"shopping_mall, point_of_interest, establishment","5000 Meadowood Mall Cir, Reno, NV 89502, USA",89502,Reno,Nevada,United States,39.4739865,-119.7828143
The Outlets at Legends,,"shopping_mall, point_of_interest, establishment","1310 Scheels Drive, Sparks, NV 89434, USA",89434,Sparks,Nevada,United States,39.5316589,-119.7208903
Shayden Summit Reno,,"shopping_mall, point_of_interest, establishment","13925 S Virginia St UNIT 212, Reno, NV 89511, USA",89511,Reno,Nevada,United States,39.4037577,-119.7505871
Reno Town Mall,,"shopping_mall, point_of_interest, establishment","4001 S Virginia St, Reno, NV 89502, USA",89502,Reno,Nevada,United States,39.4866944,-119.7959778
Sunglass Hut,3,"shopping_mall, point_of_interest, store, establishment","Hwy 431 &, S Virginia St #406, Reno, NV 89511, USA",89511,Reno,Nevada,United States,39.4042889,-119.7507227
Baring West Center,,"shopping_mall, point_of_interest, establishment","728 Baring Blvd, Sparks, NV 89434, USA",89434,Sparks,Nevada,United States,39.5567033,-119.7326954
Evergreen,,"shopping_mall, point_of_interest, establishment","2300 Oddie Blvd, Sparks, NV 89431, USA",89431,Sparks,Nevada,United States,39.54594609999999,-119.7768489
Southwest Pavilion Shopping,,"shopping_mall, point_of_interest, establishment","8155 S Virginia St, Reno, NV 89511, USA",89511,Reno,Nevada,United States,39.45289289999999,-119.7794146
Sparks Mercantile,,"shopping_mall, point_of_interest, establishment","2895 N McCarran Blvd, Sparks, NV 89431, USA",89431,Sparks,Nevada,United States,39.5550371,-119.7541256
Sunglass Hut at Macy's,3,"department_store, shopping_mall, store, point_of_interest, establishment","5100 Meadowood Mall Cir, Reno, NV 89502, USA",89502,Reno,Nevada,United States,39.47419809999999,-119.7836254
Del Monte Plaza,,"shopping_mall, point_of_interest, establishment","6139 S Virginia St, Reno, NV 89502, USA",89502,Reno,Nevada,United States,39.4690761,-119.7872436
The Crossing at Meadowood Square,,"shopping_mall, point_of_interest, establishment","6405 S Virginia St, Reno, NV 89511, USA",89511,Reno,Nevada,United States,39.4671594,-119.7849111
Sparks Crossing,,"shopping_mall, point_of_interest, establishment","101 Los Altos Pkwy, Sparks, NV 89436, USA",89436,Sparks,Nevada,United States,39.582049,-119.7405967
South Creek Retail Center,,"shopping_mall, point_of_interest, establishment","95 Foothill Rd, Reno, NV 89511, USA",89511,Reno,Nevada,United States,39.43919799999999,-119.7713708
EsthiZen by Michelle Bates @Michael Grace Salon,,"shopping_mall, beauty_salon, hair_care, spa, point_of_interest, establishment","1091 Steamboat Pkwy #200, Reno, NV 89521, USA",89521,Reno,Nevada,United States,39.4235578,-119.7411196
Patagonia Outlet,,"clothing_store, store, point_of_interest, establishment","130 S Center St, Reno, NV 89501, USA",89501,Reno,Nevada,United States,39.5240081,-119.8104639
Walgreens,2,"drugstore, convenience_store, clothing_store, health, store, food, point_of_interest, establishment","750 N Virginia St, Reno, NV 89501, USA",89501,Reno,Nevada,United States,39.53475,-119.814958
Cabela's,,"clothing_store, store, point_of_interest, establishment","8650 Boomtown Garson Road, Verdi, NV 89439, USA",89439,Verdi,Nevada,United States,39.513096,-119.9686998
Walmart Supercenter,1,"department_store, hardware_store, bakery, clothing_store, electronics_store, furniture_store, home_goods_store, grocery_or_supermarket, food, store, point_of_interest, establishment","2425 E 2nd St, Reno, NV 89502, USA",89502,Reno,Nevada,United States,39.5288615,-119.7816991
REI,,"shoe_store, bicycle_store, clothing_store, point_of_interest, store, establishment","2225 Harvard Wy, Reno, NV 89502, USA",89502,Reno,Nevada,United States,39.502213,-119.786739
adidas Outlet Store Sparks,,"shoe_store, clothing_store, store, point_of_interest, establishment","1420 Scheels Drive, Sparks, NV 89434, USA",89434,Sparks,Nevada,United States,39.532276,-119.719345
Walgreens,2,"drugstore, convenience_store, clothing_store, health, store, food, point_of_interest, establishment","3495 S Virginia St, Reno, NV 89502, USA",89502,Reno,Nevada,United States,39.4917092,-119.7977062
Walmart Supercenter,1,"department_store, hardware_store, bakery, grocery_or_supermarket, clothing_store, electronics_store, furniture_store, home_goods_store, point_of_interest, store, food, establishment","5260 W 7th St, Reno, NV 89523, USA",89523,Reno,Nevada,United States,39.5356231,-119.8679452
Sierra,,"department_store, clothing_store, home_goods_store, store, point_of_interest, establishment","6139 S Virginia St, Reno, NV 89502, USA",89502,Reno,Nevada,United States,39.469257,-119.787312
Scheels,,"shoe_store, clothing_store, point_of_interest, store, establishment","1200 Scheels Drive, Sparks, NV 89434, USA",89434,Sparks,Nevada,United States,39.5307381,-119.7216803
Macy's,2,"department_store, shoe_store, furniture_store, home_goods_store, clothing_store, point_of_interest, store, establishment","5100 Meadowood Mall Cir, Reno, NV 89502, USA",89502,Reno,Nevada,United States,39.47550650000001,-119.7829917
Zumiez,2,"clothing_store, shoe_store, point_of_interest, store, establishment","5000 Meadowood Mall Cir b108, Reno, NV 89502, USA",89502,Reno,Nevada,United States,39.4742398,-119.7827821
Target,2,"department_store, shoe_store, electronics_store, furniture_store, home_goods_store, clothing_store, point_of_interest, store, establishment","1550 E Lincoln Way, Sparks, NV 89434, USA",89434,Sparks,Nevada,United States,39.5356879,-119.7174467
Walgreens,2,"drugstore, convenience_store, clothing_store, store, food, point_of_interest, health, establishment","9705 Pyramid Way, Sparks, NV 89441, USA",89441,Sparks,Nevada,United States,39.63913489999999,-119.7120548
Walgreens,2,"drugstore, convenience_store, clothing_store, health, food, point_of_interest, store, establishment","305 Lemmon Dr, Reno, NV 89506, USA",89506,Reno,Nevada,United States,39.6148628,-119.8493656
Patagonia Outlet,,"clothing_store, store, point_of_interest, establishment","130 S Center St, Reno, NV 89501, USA",89501,Reno,Nevada,United States,39.5240081,-119.8104639
Walgreens,2,"drugstore, clothing_store, convenience_store, health, food, point_of_interest, store, establishment","750 N Virginia St, Reno, NV 89501, USA",89501,Reno,Nevada,United States,39.53475,-119.814958
Cabela's,,"clothing_store, point_of_interest, store, establishment","8650 Boomtown Garson Road, Verdi, NV 89439, USA",89439,Verdi,Nevada,United States,39.513096,-119.9686998
Walmart Supercenter,1,"department_store, hardware_store, electronics_store, bakery, grocery_or_supermarket, clothing_store, furniture_store, home_goods_store, store, food, point_of_interest, establishment","2425 E 2nd St, Reno, NV 89502, USA",89502,Reno,Nevada,United States,39.5288615,-119.7816991
REI,,"shoe_store, bicycle_store, clothing_store, point_of_interest, store, establishment","2225 Harvard Wy, Reno, NV 89502, USA",89502,Reno,Nevada,United States,39.502213,-119.786739
adidas Outlet Store Sparks,,"shoe_store, clothing_store, point_of_interest, store, establishment","1420 Scheels Drive, Sparks, NV 89434, USA",89434,Sparks,Nevada,United States,39.532276,-119.719345
Walgreens,2,"drugstore, convenience_store, clothing_store, health, store, point_of_interest, food, establishment","3495 S Virginia St, Reno, NV 89502, USA",89502,Reno,Nevada,United States,39.4917092,-119.7977062
Walmart Supercenter,1,"department_store, hardware_store, electronics_store, bakery, furniture_store, home_goods_store, grocery_or_supermarket, clothing_store, point_of_interest, food, store, establishment","5260 W 7th St, Reno, NV 89523, USA",89523,Reno,Nevada,United States,39.5356231,-119.8679452
Sierra,,"department_store, clothing_store, home_goods_store, point_of_interest, store, establishment","6139 S Virginia St, Reno, NV 89502, USA",89502,Reno,Nevada,United States,39.469257,-119.787312
Scheels,,"shoe_store, clothing_store, store, point_of_interest, establishment","1200 Scheels Drive, Sparks, NV 89434, USA",89434,Sparks,Nevada,United States,39.5307381,-119.7216803
Macy's,2,"department_store, clothing_store, shoe_store, furniture_store, home_goods_store, store, point_of_interest, establishment","5100 Meadowood Mall Cir, Reno, NV 89502, USA",89502,Reno,Nevada,United States,39.47550650000001,-119.7829917
Zumiez,2,"clothing_store, shoe_store, store, point_of_interest, establishment","5000 Meadowood Mall Cir b108, Reno, NV 89502, USA",89502,Reno,Nevada,United States,39.4742398,-119.7827821
Target,2,"department_store, shoe_store, clothing_store, electronics_store, furniture_store, home_goods_store, point_of_interest, store, establishment","1550 E Lincoln Way, Sparks, NV 89434, USA",89434,Sparks,Nevada,United States,39.5356879,-119.7174467
Walgreens,2,"drugstore, convenience_store, clothing_store, health, point_of_interest, store, food, establishment","9705 Pyramid Way, Sparks, NV 89441, USA",89441,Sparks,Nevada,United States,39.63913489999999,-119.7120548
Walgreens,2,"drugstore, convenience_store, clothing_store, health, point_of_interest, store, food, establishment","305 Lemmon Dr, Reno, NV 89506, USA",89506,Reno,Nevada,United States,39.6148628,-119.8493656
Patagonia Outlet,,"clothing_store, point_of_interest, store, establishment","130 S Center St, Reno, NV 89501, USA",89501,Reno,Nevada,United States,39.5240081,-119.8104639
Walgreens,2,"drugstore, convenience_store, clothing_store, food, health, store, point_of_interest, establishment","750 N Virginia St, Reno, NV 89501, USA",89501,Reno,Nevada,United States,39.53475,-119.814958
Cabela's,,"clothing_store, store, point_of_interest, establishment","8650 Boomtown Garson Road, Verdi, NV 89439, USA",89439,Verdi,Nevada,United States,39.513096,-119.9686998
Walmart Supercenter,1,"department_store, hardware_store, bakery, grocery_or_supermarket, electronics_store, furniture_store, home_goods_store, clothing_store, point_of_interest, store, food, establishment","2425 E 2nd St, Reno, NV 89502, USA",89502,Reno,Nevada,United States,39.5288615,-119.7816991
REI,,"bicycle_store, shoe_store, clothing_store, store, point_of_interest, establishment","2225 Harvard Wy, Reno, NV 89502, USA",89502,Reno,Nevada,United States,39.502213,-119.786739
adidas Outlet Store Sparks,,"shoe_store, clothing_store, store, point_of_interest, establishment","1420 Scheels Drive, Sparks, NV 89434, USA",89434,Sparks,Nevada,United States,39.532276,-119.719345
Walgreens,2,"drugstore, convenience_store, clothing_store, health, food, point_of_interest, store, establishment","3495 S Virginia St, Reno, NV 89502, USA",89502,Reno,Nevada,United States,39.4917092,-119.7977062
Walmart Supercenter,1,"department_store, hardware_store, electronics_store, bakery, furniture_store, home_goods_store, grocery_or_supermarket, clothing_store, point_of_interest, food, store, establishment","5260 W 7th St, Reno, NV 89523, USA",89523,Reno,Nevada,United States,39.5356231,-119.8679452
Sierra,,"department_store, clothing_store, home_goods_store, store, point_of_interest, establishment","6139 S Virginia St, Reno, NV 89502, USA",89502,Reno,Nevada,United States,39.469257,-119.787312
Scheels,,"clothing_store, shoe_store, point_of_interest, store, establishment","1200 Scheels Drive, Sparks, NV 89434, USA",89434,Sparks,Nevada,United States,39.5307381,-119.7216803
Macy's,2,"department_store, shoe_store, clothing_store, furniture_store, home_goods_store, store, point_of_interest, establishment","5100 Meadowood Mall Cir, Reno, NV 89502, USA",89502,Reno,Nevada,United States,39.47550650000001,-119.7829917
Zumiez,2,"clothing_store, shoe_store, point_of_interest, store, establishment","5000 Meadowood Mall Cir b108, Reno, NV 89502, USA",89502,Reno,Nevada,United States,39.4742398,-119.7827821
Target,2,"department_store, shoe_store, electronics_store, furniture_store, home_goods_store, clothing_store, point_of_interest, store, establishment","1550 E Lincoln Way, Sparks, NV 89434, USA",89434,Sparks,Nevada,United States,39.5356879,-119.7174467
Walgreens,2,"drugstore, convenience_store, clothing_store, store, food, point_of_interest, health, establishment","9705 Pyramid Way, Sparks, NV 89441, USA",89441,Sparks,Nevada,United States,39.63913489999999,-119.7120548
Walgreens,2,"drugstore, convenience_store, clothing_store, food, health, store, point_of_interest, establishment","305 Lemmon Dr, Reno, NV 89506, USA",89506,Reno,Nevada,United States,39.6148628,-119.8493656
Walmart Supercenter,1,"department_store, hardware_store, grocery_or_supermarket, bakery, electronics_store, clothing_store, furniture_store, home_goods_store, store, food, point_of_interest, establishment","2425 E 2nd St, Reno, NV 89502, USA",89502,Reno,Nevada,United States,39.5288615,-119.7816991
Apple Summit Sierra,3,"electronics_store, store, point_of_interest, establishment","13945 S Virginia St, Reno, NV 89511, USA",89511,Reno,Nevada,United States,39.4031084,-119.7520748
Walmart Supercenter,1,"department_store, hardware_store, bakery, clothing_store, electronics_store, furniture_store, home_goods_store, grocery_or_supermarket, food, store, point_of_interest, establishment","5260 W 7th St, Reno, NV 89523, USA",89523,Reno,Nevada,United States,39.5356231,-119.8679452
RC Willey,,"furniture_store, electronics_store, home_goods_store, store, point_of_interest, establishment","1201 Steamboat Pkwy, Reno, NV 89521, USA",89521,Reno,Nevada,United States,39.42470629999999,-119.7353979
Best Buy,2,"electronics_store, home_goods_store, point_of_interest, store, establishment","5575 S Virginia St, Reno, NV 89502, USA",89502,Reno,Nevada,United States,39.47461899999999,-119.789862
Walmart Supercenter,1,"department_store, hardware_store, electronics_store, furniture_store, home_goods_store, grocery_or_supermarket, clothing_store, bakery, food, point_of_interest, store, establishment","2425 E 2nd St, Reno, NV 89502, USA",89502,Reno,Nevada,United States,39.5288615,-119.7816991
Apple Summit Sierra,3,"electronics_store, store, point_of_interest, establishment","13945 S Virginia St, Reno, NV 89511, USA",89511,Reno,Nevada,United States,39.4031084,-119.7520748
Walmart Supercenter,1,"department_store, hardware_store, bakery, grocery_or_supermarket, clothing_store, electronics_store, furniture_store, home_goods_store, point_of_interest, store, food, establishment","5260 W 7th St, Reno, NV 89523, USA",89523,Reno,Nevada,United States,39.5356231,-119.8679452
RC Willey,,"furniture_store, electronics_store, home_goods_store, store, point_of_interest, establishment","1201 Steamboat Pkwy, Reno, NV 89521, USA",89521,Reno,Nevada,United States,39.42470629999999,-119.7353979
Best Buy,2,"electronics_store, home_goods_store, point_of_interest, store, establishment","5575 S Virginia St, Reno, NV 89502, USA",89502,Reno,Nevada,United States,39.47461899999999,-119.789862
Walmart Supercenter,1,"department_store, hardware_store, electronics_store, bakery, grocery_or_supermarket, clothing_store, furniture_store, home_goods_store, store, food, point_of_interest, establishment","2425 E 2nd St, Reno, NV 89502, USA",89502,Reno,Nevada,United States,39.5288615,-119.7816991
Apple Summit Sierra,3,"electronics_store, store, point_of_interest, establishment","13945 S Virginia St, Reno, NV 89511, USA",89511,Reno,Nevada,United States,39.4031084,-119.7520748
Walmart Supercenter,1,"department_store, hardware_store, bakery, grocery_or_supermarket, electronics_store, furniture_store, home_goods_store, clothing_store, point_of_interest, store, food, establishment","5260 W 7th St, Reno, NV 89523, USA",89523,Reno,Nevada,United States,39.5356231,-119.8679452
RC Willey,,"furniture_store, electronics_store, home_goods_store, store, point_of_interest, establishment","1201 Steamboat Pkwy, Reno, NV 89521, USA",89521,Reno,Nevada,United States,39.42470629999999,-119.7353979
Best Buy,2,"electronics_store, home_goods_store, store, point_of_interest, establishment","5575 S Virginia St, Reno, NV 89502, USA",89502,Reno,Nevada,United States,39.47461899999999,-119.789862
The Shops at Heavenly Village,,"shopping_mall, point_of_interest, establishment","1001 Heavenly Village Way, South Lake Tahoe, CA 96150, USA",96150,South Lake Tahoe,California,United States,38.9561322,-119.9429592
San Francisco Centre,,"shopping_mall, point_of_interest, establishment","865 Market St, San Francisco, CA 94103, USA",94103,San Francisco,California,United States,37.78428340000001,-122.40712
Arrowhead Towne Center,,"shopping_mall, clothing_store, store, restaurant, food, point_of_interest, establishment","7700 W Arrowhead Towne Center, Glendale, AZ 85308, USA",85308,Glendale,Arizona,United States,33.6420107,-112.2253493
Arrowhead Towne Center,,"shopping_mall, clothing_store, store, restaurant, point_of_interest, food, establishment","7700 W Arrowhead Towne Center, Glendale, AZ 85308, USA",85308,Glendale,Arizona,United States,33.6420107,-112.2253493
San Francisco Centre,,"shopping_mall, point_of_interest, establishment","865 Market St, San Francisco, CA 94103, USA",94103,San Francisco,California,United States,37.78428340000001,-122.40712
Meadowood Mall,,"shopping_mall, point_of_interest, establishment","5000 Meadowood Mall Cir, Reno, NV 89502, USA",89502,Reno,Nevada,United States,39.4739865,-119.7828143
San Francisco Centre,,"shopping_mall, point_of_interest, establishment","865 Market St, San Francisco, CA 94103, USA",94103,San Francisco,California,United States,37.78428340000001,-122.40712
San Francisco Centre,,"shopping_mall, point_of_interest, establishment","865 Market St, San Francisco, CA 94103, USA",94103,San Francisco,California,United States,37.78428340000001,-122.40712
San Francisco Centre,,"shopping_mall, point_of_interest, establishment","865 Market St, San Francisco, CA 94103, USA",94103,San Francisco,California,United States,37.78428340000001,-122.40712
The Shops at Heavenly Village,,"shopping_mall, point_of_interest, establishment","1001 Heavenly Village Way, South Lake Tahoe, CA 96150, USA",96150,South Lake Tahoe,California,United States,38.9561322,-119.9429592
San Francisco Centre,,"shopping_mall, point_of_interest, establishment","865 Market St, San Francisco, CA 94103, USA",94103,San Francisco,California,United States,37.78428340000001,-122.40712
San Francisco Centre,,"shopping_mall, point_of_interest, establishment","865 Market St, San Francisco, CA 94103, USA",94103,San Francisco,California,United States,37.78428340000001,-122.40712
Arden Fair,,"shopping_mall, clothing_store, restaurant, point_of_interest, food, store, establishment","1689 Arden Wy, Sacramento, CA 95815, USA",95815,Sacramento,California,United States,38.6011646,-121.4276086
St. Louis Premium Outlets,,"shopping_mall, point_of_interest, establishment","18521 Outlet Blvd, Chesterfield, MO 63005, USA",63005,Chesterfield,Missouri,United States,38.6774938,-90.66139679999999
The Shops at Heavenly Village,,"shopping_mall, point_of_interest, establishment","1001 Heavenly Village Way, South Lake Tahoe, CA 96150, USA",96150,South Lake Tahoe,California,United States,38.9561322,-119.9429592
Great Mall,,"shopping_mall, point_of_interest, establishment","447 Great Mall Dr, Milpitas, CA 95035, USA",95035,Milpitas,California,United States,37.415738,-121.897412
Westfield Garden State Plaza,,"shopping_mall, movie_theater, department_store, shoe_store, clothing_store, restaurant, food, point_of_interest, store, establishment","One Garden State Plaza Pkwy, Paramus, NJ 07652, USA",07652,Paramus,New Jersey,United States,40.91817289999999,-74.076331
Westfield Garden State Plaza,,"shopping_mall, department_store, movie_theater, clothing_store, shoe_store, restaurant, food, point_of_interest, store, establishment","One Garden State Plaza Pkwy, Paramus, NJ 07652, USA",07652,Paramus,New Jersey,United States,40.91817289999999,-74.076331
River Park Shopping Center,,"shopping_mall, movie_theater, point_of_interest, establishment","71 E Via la Plata, Fresno, CA 93720, USA",93720,Fresno,California,United States,36.84832710000001,-119.7895613
Arden Fair,,"shopping_mall, clothing_store, restaurant, point_of_interest, food, store, establishment","1689 Arden Wy, Sacramento, CA 95815, USA",95815,Sacramento,California,United States,38.6011646,-121.4276086
Sunrise Shopping Center,,"shopping_mall, point_of_interest, establishment","2582 Idaho St, Elko, NV 89801, USA",89801,Elko,Nevada,United States,40.8514519,-115.742634
San Francisco Centre,,"shopping_mall, point_of_interest, establishment","865 Market St, San Francisco, CA 94103, USA",94103,San Francisco,California,United States,37.78428340000001,-122.40712
San Francisco Centre,,"shopping_mall, point_of_interest, establishment","865 Market St, San Francisco, CA 94103, USA",94103,San Francisco,California,United States,37.78428340000001,-122.40712
San Francisco Centre,,"shopping_mall, point_of_interest, establishment","865 Market St, San Francisco, CA 94103, USA",94103,San Francisco,California,United States,37.78428340000001,-122.40712
Meadowood Mall,,"shopping_mall, point_of_interest, establishment","5000 Meadowood Mall Cir, Reno, NV 89502, USA",89502,Reno,Nevada,United States,39.4739865,-119.7828143
Gilroy Premium Outlets,,"shopping_mall, point_of_interest, establishment","681 Leavesley Rd, Gilroy, CA 95020, USA",95020,Gilroy,California,United States,37.0226648,-121.5638032
Meadowood Mall,,"shopping_mall, point_of_interest, establishment","5000 Meadowood Mall Cir, Reno, NV 89502, USA",89502,Reno,Nevada,United States,39.4739865,-119.7828143
Meadowood Mall,,"shopping_mall, point_of_interest, establishment","5000 Meadowood Mall Cir, Reno, NV 89502, USA",89502,Reno,Nevada,United States,39.4739865,-119.7828143
Meadowood Mall,,"shopping_mall, point_of_interest, establishment","5000 Meadowood Mall Cir, Reno, NV 89502, USA",89502,Reno,Nevada,United States,39.4739865,-119.7828143
Meadowood Mall,,"shopping_mall, point_of_interest, establishment","5000 Meadowood Mall Cir, Reno, NV 89502, USA",89502,Reno,Nevada,United States,39.4739865,-119.7828143
Meadowood Mall,,"shopping_mall, point_of_interest, establishment","5000 Meadowood Mall Cir, Reno, NV 89502, USA",89502,Reno,Nevada,United States,39.4739865,-119.7828143
Meadowood Mall,,"shopping_mall, point_of_interest, establishment","5000 Meadowood Mall Cir, Reno, NV 89502, USA",89502,Reno,Nevada,United States,39.4739865,-119.7828143
Meadowood Mall,,"shopping_mall, point_of_interest, establishment","5000 Meadowood Mall Cir, Reno, NV 89502, USA",89502,Reno,Nevada,United States,39.4739865,-119.7828143
Meadowood Mall,,"shopping_mall, point_of_interest, establishment","5000 Meadowood Mall Cir, Reno, NV 89502, USA",89502,Reno,Nevada,United States,39.4739865,-119.7828143
Meadowood Mall,,"shopping_mall, point_of_interest, establishment","5000 Meadowood Mall Cir, Reno, NV 89502, USA",89502,Reno,Nevada,United States,39.4739865,-119.7828143
Meadowood Mall,,"shopping_mall, point_of_interest, establishment","5000 Meadowood Mall Cir, Reno, NV 89502, USA",89502,Reno,Nevada,United States,39.4739865,-119.7828143
Meadowood Mall,,"shopping_mall, point_of_interest, establishment","5000 Meadowood Mall Cir, Reno, NV 89502, USA",89502,Reno,Nevada,United States,39.4739865,-119.7828143
Meadowood Mall,,"shopping_mall, point_of_interest, establishment","5000 Meadowood Mall Cir, Reno, NV 89502, USA",89502,Reno,Nevada,United States,39.4739865,-119.7828143
Meadowood Mall,,"shopping_mall, point_of_interest, establishment","5000 Meadowood Mall Cir, Reno, NV 89502, USA",89502,Reno,Nevada,United States,39.4739865,-119.7828143
Proactiv Kiosk,,"shopping_mall, store, point_of_interest, establishment","3501 N Granville Ave, Muncie, IN 47303, USA",47303,Muncie,Indiana,United States,40.22247569999999,-85.37479359999999
The Shops at Heavenly Village,,"shopping_mall, point_of_interest, establishment","1001 Heavenly Village Way, South Lake Tahoe, CA 96150, USA",96150,South Lake Tahoe,California,United States,38.9561322,-119.9429592
Arden Fair,,"shopping_mall, clothing_store, restaurant, food, store, point_of_interest, establishment","1689 Arden Wy, Sacramento, CA 95815, USA",95815,Sacramento,California,United States,38.6011646,-121.4276086
Meadowood Mall,,"shopping_mall, point_of_interest, establishment","5000 Meadowood Mall Cir, Reno, NV 89502, USA",89502,Reno,Nevada,United States,39.4739865,-119.7828143
Mt. Shasta Mall,,"shopping_mall, point_of_interest, establishment","900 Dana Dr, Redding, CA 96001, USA",96001,Redding,California,United States,40.5882757,-122.3554131
The Shops at Heavenly Village,,"shopping_mall, point_of_interest, establishment","1001 Heavenly Village Way, South Lake Tahoe, CA 96150, USA",96150,South Lake Tahoe,California,United States,38.9561322,-119.9429592
The Shoppes at Carlsbad,,"shopping_mall, point_of_interest, establishment","2525 El Camino Real, Carlsbad, CA 92008, USA",92008,Carlsbad,California,United States,33.17822710000001,-117.3324166
Folsom Premium Outlets,,"shopping_mall, point_of_interest, establishment","13000 Folsom Blvd, Folsom, CA 95630, USA",95630,Folsom,California,United States,38.6437307,-121.1876531
Folsom Premium Outlets,,"shopping_mall, point_of_interest, establishment","13000 Folsom Blvd, Folsom, CA 95630, USA",95630,Folsom,California,United States,38.6437307,-121.1876531
Folsom Premium Outlets,,"shopping_mall, point_of_interest, establishment","13000 Folsom Blvd, Folsom, CA 95630, USA",95630,Folsom,California,United States,38.6437307,-121.1876531
Folsom Premium Outlets,,"shopping_mall, point_of_interest, establishment","13000 Folsom Blvd, Folsom, CA 95630, USA",95630,Folsom,California,United States,38.6437307,-121.1876531
Arden Fair,,"shopping_mall, clothing_store, restaurant, food, store, point_of_interest, establishment","1689 Arden Wy, Sacramento, CA 95815, USA",95815,Sacramento,California,United States,38.6011646,-121.4276086
Auburn Village,,"shopping_mall, point_of_interest, establishment","2222 Grass Valley Hwy, Auburn, CA 95603, USA",95603,Auburn,California,United States,38.9349093,-121.0915819
Arden Fair,,"shopping_mall, clothing_store, store, restaurant, food, point_of_interest, establishment","1689 Arden Wy, Sacramento, CA 95815, USA",95815,Sacramento,California,United States,38.6011646,-121.4276086
Meadowood Mall,,"shopping_mall, point_of_interest, establishment","5000 Meadowood Mall Cir, Reno, NV 89502, USA",89502,Reno,Nevada,United States,39.4739865,-119.7828143
Meadowood Mall,,"shopping_mall, point_of_interest, establishment","5000 Meadowood Mall Cir, Reno, NV 89502, USA",89502,Reno,Nevada,United States,39.4739865,-119.7828143
Meadowood Mall,,"shopping_mall, point_of_interest, establishment","5000 Meadowood Mall Cir, Reno, NV 89502, USA",89502,Reno,Nevada,United States,39.4739865,-119.7828143
Meadowood Mall,,"shopping_mall, point_of_interest, establishment","5000 Meadowood Mall Cir, Reno, NV 89502, USA",89502,Reno,Nevada,United States,39.4739865,-119.7828143
Meadowood Mall,,"shopping_mall, point_of_interest, establishment","5000 Meadowood Mall Cir, Reno, NV 89502, USA",89502,Reno,Nevada,United States,39.4739865,-119.7828143
Mt. Shasta Mall,,"shopping_mall, point_of_interest, establishment","900 Dana Dr, Redding, CA 96001, USA",96001,Redding,California,United States,40.5882757,-122.3554131
Meadowood Mall,,"shopping_mall, point_of_interest, establishment","5000 Meadowood Mall Cir, Reno, NV 89502, USA",89502,Reno,Nevada,United States,39.4739865,-119.7828143
Meadowood Mall,,"shopping_mall, point_of_interest, establishment","5000 Meadowood Mall Cir, Reno, NV 89502, USA",89502,Reno,Nevada,United States,39.4739865,-119.7828143
Meadowood Mall,,"shopping_mall, point_of_interest, establishment","5000 Meadowood Mall Cir, Reno, NV 89502, USA",89502,Reno,Nevada,United States,39.4739865,-119.7828143
Mt. Shasta Mall,,"shopping_mall, point_of_interest, establishment","900 Dana Dr, Redding, CA 96001, USA",96001,Redding,California,United States,40.5882757,-122.3554131
Meadowood Mall,,"shopping_mall, point_of_interest, establishment","5000 Meadowood Mall Cir, Reno, NV 89502, USA",89502,Reno,Nevada,United States,39.4739865,-119.7828143
Meadowood Mall,,"shopping_mall, point_of_interest, establishment","5000 Meadowood Mall Cir, Reno, NV 89502, USA",89502,Reno,Nevada,United States,39.4739865,-119.7828143
Meadowood Mall,,"shopping_mall, point_of_interest, establishment","5000 Meadowood Mall Cir, Reno, NV 89502, USA",89502,Reno,Nevada,United States,39.4739865,-119.7828143
San Francisco Centre,,"shopping_mall, point_of_interest, establishment","865 Market St, San Francisco, CA 94103, USA",94103,San Francisco,California,United States,37.78428340000001,-122.40712
Meadowood Mall,,"shopping_mall, point_of_interest, establishment","5000 Meadowood Mall Cir, Reno, NV 89502, USA",89502,Reno,Nevada,United States,39.4739865,-119.7828143
Meadowood Mall,,"shopping_mall, point_of_interest, establishment","5000 Meadowood Mall Cir, Reno, NV 89502, USA",89502,Reno,Nevada,United States,39.4739865,-119.7828143
Meadowood Mall,,"shopping_mall, point_of_interest, establishment","5000 Meadowood Mall Cir, Reno, NV 89502, USA",89502,Reno,Nevada,United States,39.4739865,-119.7828143
Meadowood Mall,,"shopping_mall, point_of_interest, establishment","5000 Meadowood Mall Cir, Reno, NV 89502, USA",89502,Reno,Nevada,United States,39.4739865,-119.7828143
Meadowood Mall,,"shopping_mall, point_of_interest, establishment","5000 Meadowood Mall Cir, Reno, NV 89502, USA",89502,Reno,Nevada,United States,39.4739865,-119.7828143
Meadowood Mall,,"shopping_mall, point_of_interest, establishment","5000 Meadowood Mall Cir, Reno, NV 89502, USA",89502,Reno,Nevada,United States,39.4739865,-119.7828143
Meadowood Mall,,"shopping_mall, point_of_interest, establishment","5000 Meadowood Mall Cir, Reno, NV 89502, USA",89502,Reno,Nevada,United States,39.4739865,-119.7828143
McHenry Village Shopping Center,,"shopping_mall, point_of_interest, establishment","1700 McHenry Ave, Modesto, CA 95350, USA",95350,Modesto,California,United States,37.6685065,-120.9936511
Meadowood Mall,,"shopping_mall, point_of_interest, establishment","5000 Meadowood Mall Cir, Reno, NV 89502, USA",89502,Reno,Nevada,United States,39.4739865,-119.7828143
River Park Shopping Center,,"shopping_mall, movie_theater, point_of_interest, establishment","71 E Via la Plata, Fresno, CA 93720, USA",93720,Fresno,California,United States,36.84832710000001,-119.7895613
Meadowood Mall,,"shopping_mall, point_of_interest, establishment","5000 Meadowood Mall Cir, Reno, NV 89502, USA",89502,Reno,Nevada,United States,39.4739865,-119.7828143
Folsom Premium Outlets,,"shopping_mall, point_of_interest, establishment","13000 Folsom Blvd, Folsom, CA 95630, USA",95630,Folsom,California,United States,38.6437307,-121.1876531
Folsom Premium Outlets,,"shopping_mall, point_of_interest, establishment","13000 Folsom Blvd, Folsom, CA 95630, USA",95630,Folsom,California,United States,38.6437307,-121.1876531
Folsom Premium Outlets,,"shopping_mall, point_of_interest, establishment","13000 Folsom Blvd, Folsom, CA 95630, USA",95630,Folsom,California,United States,38.6437307,-121.1876531
Arden Fair,,"shopping_mall, clothing_store, restaurant, food, point_of_interest, store, establishment","1689 Arden Wy, Sacramento, CA 95815, USA",95815,Sacramento,California,United States,38.6011646,-121.4276086
Arden Fair,,"shopping_mall, clothing_store, restaurant, food, point_of_interest, store, establishment","1689 Arden Wy, Sacramento, CA 95815, USA",95815,Sacramento,California,United States,38.6011646,-121.4276086
Arden Fair,,"shopping_mall, clothing_store, restaurant, food, point_of_interest, store, establishment","1689 Arden Wy, Sacramento, CA 95815, USA",95815,Sacramento,California,United States,38.6011646,-121.4276086
Meadowood Mall,,"shopping_mall, point_of_interest, establishment","5000 Meadowood Mall Cir, Reno, NV 89502, USA",89502,Reno,Nevada,United States,39.4739865,-119.7828143
Meadowood Mall,,"shopping_mall, point_of_interest, establishment","5000 Meadowood Mall Cir, Reno, NV 89502, USA",89502,Reno,Nevada,United States,39.4739865,-119.7828143
Meadowood Mall,,"shopping_mall, point_of_interest, establishment","5000 Meadowood Mall Cir, Reno, NV 89502, USA",89502,Reno,Nevada,United States,39.4739865,-119.7828143
Meadowood Mall,,"shopping_mall, point_of_interest, establishment","5000 Meadowood Mall Cir, Reno, NV 89502, USA",89502,Reno,Nevada,United States,39.4739865,-119.7828143
The Shops at Heavenly Village,,"shopping_mall, point_of_interest, establishment","1001 Heavenly Village Way, South Lake Tahoe, CA 96150, USA",96150,South Lake Tahoe,California,United States,38.9561322,-119.9429592
Powers Trading Post,,"shopping_mall, point_of_interest, establishment","431 2nd Ave, Powers, OR 97466, USA",97466,Powers,Oregon,United States,42.8809178,-124.0719507
The Grove,2,"shopping_mall, restaurant, food, point_of_interest, store, establishment","189 The Grove Dr, Los Angeles, CA 90036, USA",90036,Los Angeles,California,United States,34.0719407,-118.3575164
The Outlets at Legends,,"shopping_mall, point_of_interest, establishment","1310 Scheels Drive, Sparks, NV 89434, USA",89434,Sparks,Nevada,United States,39.5316589,-119.7208903
The Outlet Shoppes at Oshkosh,,"shopping_mall, point_of_interest, establishment","3001 S Washburn St, Oshkosh, WI 54904, USA",54904,Oshkosh,Wisconsin,United States,43.9849569,-88.5846198
The Shops at Heavenly Village,,"shopping_mall, point_of_interest, establishment","1001 Heavenly Village Way, South Lake Tahoe, CA 96150, USA",96150,South Lake Tahoe,California,United States,38.9561322,-119.9429592
Mt. Shasta Mall,,"shopping_mall, point_of_interest, establishment","900 Dana Dr, Redding, CA 96001, USA",96001,Redding,California,United States,40.5882757,-122.3554131
Meadowood Mall,,"shopping_mall, point_of_interest, establishment","5000 Meadowood Mall Cir, Reno, NV 89502, USA",89502,Reno,Nevada,United States,39.4739865,-119.7828143
Mt. Shasta Mall,,"shopping_mall, point_of_interest, establishment","900 Dana Dr, Redding, CA 96001, USA",96001,Redding,California,United States,40.5882757,-122.3554131
Meadowood Mall,,"shopping_mall, point_of_interest, establishment","5000 Meadowood Mall Cir, Reno, NV 89502, USA",89502,Reno,Nevada,United States,39.4739865,-119.7828143
Mt. Shasta Mall,,"shopping_mall, point_of_interest, establishment","900 Dana Dr, Redding, CA 96001, USA",96001,Redding,California,United States,40.5882757,-122.3554131
Arden Fair,,"shopping_mall, clothing_store, store, restaurant, point_of_interest, food, establishment","1689 Arden Wy, Sacramento, CA 95815, USA",95815,Sacramento,California,United States,38.6011646,-121.4276086
River Park Shopping Center,,"shopping_mall, movie_theater, point_of_interest, establishment","71 E Via la Plata, Fresno, CA 93720, USA",93720,Fresno,California,United States,36.84832710000001,-119.7895613
Meadowood Mall,,"shopping_mall, point_of_interest, establishment","5000 Meadowood Mall Cir, Reno, NV 89502, USA",89502,Reno,Nevada,United States,39.4739865,-119.7828143
River Park Shopping Center,,"shopping_mall, movie_theater, point_of_interest, establishment","71 E Via la Plata, Fresno, CA 93720, USA",93720,Fresno,California,United States,36.84832710000001,-119.7895613
Meadowood Mall,,"shopping_mall, point_of_interest, establishment","5000 Meadowood Mall Cir, Reno, NV 89502, USA",89502,Reno,Nevada,United States,39.4739865,-119.7828143
Arden Fair,,"shopping_mall, clothing_store, store, restaurant, point_of_interest, food, establishment","1689 Arden Wy, Sacramento, CA 95815, USA",95815,Sacramento,California,United States,38.6011646,-121.4276086
The Outlets at Legends,,"shopping_mall, point_of_interest, establishment","1310 Scheels Drive, Sparks, NV 89434, USA",89434,Sparks,Nevada,United States,39.5316589,-119.7208903
Meadowood Mall,,"shopping_mall, point_of_interest, establishment","5000 Meadowood Mall Cir, Reno, NV 89502, USA",89502,Reno,Nevada,United States,39.4739865,-119.7828143
The Outlets at Legends,,"shopping_mall, point_of_interest, establishment","1310 Scheels Drive, Sparks, NV 89434, USA",89434,Sparks,Nevada,United States,39.5316589,-119.7208903
The Outlets at Legends,,"shopping_mall, point_of_interest, establishment","1310 Scheels Drive, Sparks, NV 89434, USA",89434,Sparks,Nevada,United States,39.5316589,-119.7208903
The River at Rancho Mirage,,"shopping_mall, point_of_interest, establishment","71800 CA-111, Rancho Mirage, CA 92270, USA",92270,Rancho Mirage,California,United States,33.7401278,-116.4098097
Mammoth Mall Shopping Center,,"shopping_mall, point_of_interest, establishment","Old Mammoth Rd, Mammoth Lakes, CA 93546, USA",93546,Mammoth Lakes,California,United States,37.6444104,-118.9668737
The Outlets at Legends,,"shopping_mall, point_of_interest, establishment","1310 Scheels Drive, Sparks, NV 89434, USA",89434,Sparks,Nevada,United States,39.5316589,-119.7208903
San Francisco Premium Outlets,,"shopping_mall, point_of_interest, establishment","2774 Livermore Outlets Dr, Livermore, CA 94551, USA",94551,Livermore,California,United States,37.6987272,-121.8440481
The Outlets at Legends,,"shopping_mall, point_of_interest, establishment","1310 Scheels Drive, Sparks, NV 89434, USA",89434,Sparks,Nevada,United States,39.5316589,-119.7208903
The Outlets at Legends,,"shopping_mall, point_of_interest, establishment","1310 Scheels Drive, Sparks, NV 89434, USA",89434,Sparks,Nevada,United States,39.5316589,-119.7208903
Mammoth Mall Shopping Center,,"shopping_mall, point_of_interest, establishment","Old Mammoth Rd, Mammoth Lakes, CA 93546, USA",93546,Mammoth Lakes,California,United States,37.6444104,-118.9668737
Arden Fair,,"shopping_mall, clothing_store, restaurant, point_of_interest, food, store, establishment","1689 Arden Wy, Sacramento, CA 95815, USA",95815,Sacramento,California,United States,38.6011646,-121.4276086
Laughlin Outlet Center,,"shopping_mall, point_of_interest, establishment","1955 S Casino Dr, Laughlin, NV 89029, USA",89029,Laughlin,Nevada,United States,35.16231959999999,-114.5760598
Navy Exchange Main,,"department_store, shopping_mall, store, point_of_interest, establishment","4755 Pasture Rd Building No. 341, Fallon, NV 89496, USA",89496,Fallon,Nevada,United States,39.4226023,-118.7236204
Great Mall,,"shopping_mall, point_of_interest, establishment","447 Great Mall Dr, Milpitas, CA 95035, USA",95035,Milpitas,California,United States,37.415738,-121.897412
Great Mall,,"shopping_mall, point_of_interest, establishment","447 Great Mall Dr, Milpitas, CA 95035, USA",95035,Milpitas,California,United States,37.415738,-121.897412
Arden Fair,,"shopping_mall, clothing_store, store, restaurant, food, point_of_interest, establishment","1689 Arden Wy, Sacramento, CA 95815, USA",95815,Sacramento,California,United States,38.6011646,-121.4276086
Arden Fair,,"shopping_mall, clothing_store, store, restaurant, point_of_interest, food, establishment","1689 Arden Wy, Sacramento, CA 95815, USA",95815,Sacramento,California,United States,38.6011646,-121.4276086
Navy Exchange Main,,"department_store, shopping_mall, store, point_of_interest, establishment","4755 Pasture Rd Building No. 341, Fallon, NV 89496, USA",89496,Fallon,Nevada,United States,39.4226023,-118.7236204
Navy Exchange Main,,"department_store, shopping_mall, point_of_interest, store, establishment","4755 Pasture Rd Building No. 341, Fallon, NV 89496, USA",89496,Fallon,Nevada,United States,39.4226023,-118.7236204
Meadowood Mall,,"shopping_mall, point_of_interest, establishment","5000 Meadowood Mall Cir, Reno, NV 89502, USA",89502,Reno,Nevada,United States,39.4739865,-119.7828143
Navy Exchange Main,,"department_store, shopping_mall, store, point_of_interest, establishment","4755 Pasture Rd Building No. 341, Fallon, NV 89496, USA",89496,Fallon,Nevada,United States,39.4226023,-118.7236204
Navy Exchange Main,,"department_store, shopping_mall, store, point_of_interest, establishment","4755 Pasture Rd Building No. 341, Fallon, NV 89496, USA",89496,Fallon,Nevada,United States,39.4226023,-118.7236204
Great Mall,,"shopping_mall, point_of_interest, establishment","447 Great Mall Dr, Milpitas, CA 95035, USA",95035,Milpitas,California,United States,37.415738,-121.897412
Navy Exchange Main,,"department_store, shopping_mall, store, point_of_interest, establishment","4755 Pasture Rd Building No. 341, Fallon, NV 89496, USA",89496,Fallon,Nevada,United States,39.4226023,-118.7236204
The River at Rancho Mirage,,"shopping_mall, point_of_interest, establishment","71800 CA-111, Rancho Mirage, CA 92270, USA",92270,Rancho Mirage,California,United States,33.7401278,-116.4098097
Mammoth Mall Shopping Center,,"shopping_mall, point_of_interest, establishment","Old Mammoth Rd, Mammoth Lakes, CA 93546, USA",93546,Mammoth Lakes,California,United States,37.6444104,-118.9668737
Arden Fair,,"shopping_mall, clothing_store, store, restaurant, point_of_interest, food, establishment","1689 Arden Wy, Sacramento, CA 95815, USA",95815,Sacramento,California,United States,38.6011646,-121.4276086
Arden Fair,,"shopping_mall, clothing_store, restaurant, food, point_of_interest, store, establishment","1689 Arden Wy, Sacramento, CA 95815, USA",95815,Sacramento,California,United States,38.6011646,-121.4276086
Emporium Centre San Francisco,,"shopping_mall, point_of_interest, establishment","865 Market St, San Francisco, CA 94103, USA",94103,San Francisco,California,United States,37.78428340000001,-122.40712
Arden Fair,,"shopping_mall, clothing_store, store, restaurant, food, point_of_interest, establishment","1689 Arden Wy, Sacramento, CA 95815, USA",95815,Sacramento,California,United States,38.6011646,-121.4276086
Emporium Centre San Francisco,,"shopping_mall, point_of_interest, establishment","865 Market St, San Francisco, CA 94103, USA",94103,San Francisco,California,United States,37.78428340000001,-122.40712
Emporium Centre San Francisco,,"shopping_mall, point_of_interest, establishment","865 Market St, San Francisco, CA 94103, USA",94103,San Francisco,California,United States,37.78428340000001,-122.40712
Emporium Centre San Francisco,,"shopping_mall, point_of_interest, establishment","865 Market St, San Francisco, CA 94103, USA",94103,San Francisco,California,United States,37.78428340000001,-122.40712
Arden Fair,,"shopping_mall, clothing_store, restaurant, food, store, point_of_interest, establishment","1689 Arden Wy, Sacramento, CA 95815, USA",95815,Sacramento,California,United States,38.6011646,-121.4276086
The Shops at Heavenly Village,,"shopping_mall, point_of_interest, establishment","1001 Heavenly Village Way, South Lake Tahoe, CA 96150, USA",96150,South Lake Tahoe,California,United States,38.9561322,-119.9429592
Navy Exchange Main,,"department_store, shopping_mall, store, point_of_interest, establishment","4755 Pasture Rd Building No. 341, Fallon, NV 89496, USA",89496,Fallon,Nevada,United States,39.4226023,-118.7236204
Navy Exchange Main,,"department_store, shopping_mall, point_of_interest, store, establishment","4755 Pasture Rd Building No. 341, Fallon, NV 89496, USA",89496,Fallon,Nevada,United States,39.4226023,-118.7236204
Arden Fair,,"shopping_mall, restaurant, food, point_of_interest, clothing_store, store, establishment","1689 Arden Wy, Sacramento, CA 95815, USA",95815,Sacramento,California,United States,38.6011646,-121.4276086
Navy Exchange Main,,"department_store, shopping_mall, store, point_of_interest, establishment","4755 Pasture Rd Building No. 341, Fallon, NV 89496, USA",89496,Fallon,Nevada,United States,39.4226023,-118.7236204
Navy Exchange Main,,"department_store, shopping_mall, store, point_of_interest, establishment","4755 Pasture Rd Building No. 341, Fallon, NV 89496, USA",89496,Fallon,Nevada,United States,39.4226023,-118.7236204
The Shops at Heavenly Village,,"shopping_mall, point_of_interest, establishment","1001 Heavenly Village Way, South Lake Tahoe, CA 96150, USA",96150,South Lake Tahoe,California,United States,38.9561322,-119.9429592
Galleria at Tyler,,"shopping_mall, point_of_interest, establishment","1299 Galleria at Tyler, Riverside, CA 92503, USA",92503,Riverside,California,United States,33.909612,-117.45699
San Francisco Premium Outlets,,"shopping_mall, point_of_interest, establishment","2774 Livermore Outlets Dr, Livermore, CA 94551, USA",94551,Livermore,California,United States,37.6987272,-121.8440481
Navy Exchange Main,,"department_store, shopping_mall, store, point_of_interest, establishment","4755 Pasture Rd Building No. 341, Fallon, NV 89496, USA",89496,Fallon,Nevada,United States,39.4226023,-118.7236204
Arden Fair,,"shopping_mall, clothing_store, restaurant, point_of_interest, food, store, establishment","1689 Arden Wy, Sacramento, CA 95815, USA",95815,Sacramento,California,United States,38.6011646,-121.4276086
Emporium Centre San Francisco,,"shopping_mall, point_of_interest, establishment","865 Market St, San Francisco, CA 94103, USA",94103,San Francisco,California,United States,37.78428340000001,-122.40712
Navy Exchange Main,,"department_store, shopping_mall, point_of_interest, store, establishment","4755 Pasture Rd Building No. 341, Fallon, NV 89496, USA",89496,Fallon,Nevada,United States,39.4226023,-118.7236204
Arden Fair,,"shopping_mall, clothing_store, store, restaurant, food, point_of_interest, establishment","1689 Arden Wy, Sacramento, CA 95815, USA",95815,Sacramento,California,United States,38.6011646,-121.4276086
St Johns Town Center,,"shopping_mall, point_of_interest, establishment","4663 River City Dr, Jacksonville, FL 32246, USA",32246,Jacksonville,Florida,United States,30.25741469999999,-81.5261974
The Kittery Outlets,,"shopping_mall, point_of_interest, establishment","306 US-1, Kittery, ME 03904, USA",03904,Kittery,Maine,United States,43.11111450000001,-70.7346878
Navy Exchange Main,,"department_store, shopping_mall, point_of_interest, store, establishment","4755 Pasture Rd Building No. 341, Fallon, NV 89496, USA",89496,Fallon,Nevada,United States,39.4226023,-118.7236204
Navy Exchange Main,,"department_store, shopping_mall, store, point_of_interest, establishment","4755 Pasture Rd Building No. 341, Fallon, NV 89496, USA",89496,Fallon,Nevada,United States,39.4226023,-118.7236204
Navy Exchange Main,,"department_store, shopping_mall, store, point_of_interest, establishment","4755 Pasture Rd Building No. 341, Fallon, NV 89496, USA",89496,Fallon,Nevada,United States,39.4226023,-118.7236204
Navy Exchange Main,,"department_store, shopping_mall, store, point_of_interest, establishment","4755 Pasture Rd Building No. 341, Fallon, NV 89496, USA",89496,Fallon,Nevada,United States,39.4226023,-118.7236204
Emporium Centre San Francisco,,"shopping_mall, point_of_interest, establishment","865 Market St, San Francisco, CA 94103, USA",94103,San Francisco,California,United States,37.78428340000001,-122.40712
The Outlets at Legends,,"shopping_mall, point_of_interest, establishment","1310 Scheels Drive, Sparks, NV 89434, USA",89434,Sparks,Nevada,United States,39.5316589,-119.7208903
St Johns Town Center,,"shopping_mall, point_of_interest, establishment","4663 River City Dr, Jacksonville, FL 32246, USA",32246,Jacksonville,Florida,United States,30.25741469999999,-81.5261974
Meadowood Mall,,"shopping_mall, point_of_interest, establishment","5000 Meadowood Mall Cir, Reno, NV 89502, USA",89502,Reno,Nevada,United States,39.4739865,-119.7828143
Navy Exchange Main,,"department_store, shopping_mall, point_of_interest, store, establishment","4755 Pasture Rd Building No. 341, Fallon, NV 89496, USA",89496,Fallon,Nevada,United States,39.4226023,-118.7236204
Navy Exchange Main,,"department_store, shopping_mall, point_of_interest, store, establishment","4755 Pasture Rd Building No. 341, Fallon, NV 89496, USA",89496,Fallon,Nevada,United States,39.4226023,-118.7236204
Navy Exchange Main,,"department_store, shopping_mall, store, point_of_interest, establishment","4755 Pasture Rd Building No. 341, Fallon, NV 89496, USA",89496,Fallon,Nevada,United States,39.4226023,-118.7236204
The Outlets at Legends,,"shopping_mall, point_of_interest, establishment","1310 Scheels Drive, Sparks, NV 89434, USA",89434,Sparks,Nevada,United States,39.5316589,-119.7208903
Arden Fair,,"shopping_mall, restaurant, food, point_of_interest, clothing_store, store, establishment","1689 Arden Wy, Sacramento, CA 95815, USA",95815,Sacramento,California,United States,38.6011646,-121.4276086
Navy Exchange Main,,"department_store, shopping_mall, store, point_of_interest, establishment","4755 Pasture Rd Building No. 341, Fallon, NV 89496, USA",89496,Fallon,Nevada,United States,39.4226023,-118.7236204
Mammoth Mall Shopping Center,,"shopping_mall, point_of_interest, establishment","Old Mammoth Rd, Mammoth Lakes, CA 93546, USA",93546,Mammoth Lakes,California,United States,37.6444104,-118.9668737
Crown Center,,"shopping_mall, point_of_interest, establishment","2450 Grand Blvd Suite 200, Kansas City, MO 64108, USA",64108,Kansas City,Missouri,United States,39.0827778,-94.58222219999999
Navy Exchange Main,,"department_store, shopping_mall, store, point_of_interest, establishment","4755 Pasture Rd Building No. 341, Fallon, NV 89496, USA",89496,Fallon,Nevada,United States,39.4226023,-118.7236204
Arden Fair,,"shopping_mall, clothing_store, store, restaurant, food, point_of_interest, establishment","1689 Arden Wy, Sacramento, CA 95815, USA",95815,Sacramento,California,United States,38.6011646,-121.4276086
The Shops at Heavenly Village,,"shopping_mall, point_of_interest, establishment","1001 Heavenly Village Way, South Lake Tahoe, CA 96150, USA",96150,South Lake Tahoe,California,United States,38.9561322,-119.9429592
Aventura Mall,,"shopping_mall, point_of_interest, establishment","19501 Biscayne Blvd, Aventura, FL 33180, USA",33180,Aventura,Florida,United States,25.95687689999999,-80.1428136
Rogue Valley Mall,,"shopping_mall, point_of_interest, establishment","1600 N Riverside Ave, Medford, OR 97501, USA",97501,Medford,Oregon,United States,42.34510900000001,-122.8780202
Navy Exchange Main,,"department_store, shopping_mall, point_of_interest, store, establishment","4755 Pasture Rd Building No. 341, Fallon, NV 89496, USA",89496,Fallon,Nevada,United States,39.4226023,-118.7236204
Fashion Outlets of Santa Fe,,"shopping_mall, point_of_interest, establishment","8380 Cerrillos Rd, Santa Fe, NM 87507, USA",87507,Santa Fe,New Mexico,United States,35.6104776,-106.0321943
Meadowood Mall,,"shopping_mall, point_of_interest, establishment","5000 Meadowood Mall Cir, Reno, NV 89502, USA",89502,Reno,Nevada,United States,39.4739865,-119.7828143
Great Mall,,"shopping_mall, point_of_interest, establishment","447 Great Mall Dr, Milpitas, CA 95035, USA",95035,Milpitas,California,United States,37.415738,-121.897412
Great Mall,,"shopping_mall, point_of_interest, establishment","447 Great Mall Dr, Milpitas, CA 95035, USA",95035,Milpitas,California,United States,37.415738,-121.897412
Arden Fair,,"shopping_mall, restaurant, clothing_store, point_of_interest, store, food, establishment","1689 Arden Wy, Sacramento, CA 95815, USA",95815,Sacramento,California,United States,38.6011646,-121.4276086
Folsom Premium Outlets,,"shopping_mall, point_of_interest, establishment","13000 Folsom Blvd, Folsom, CA 95630, USA",95630,Folsom,California,United States,38.6437307,-121.1876531
Navy Exchange Main,,"department_store, shopping_mall, store, point_of_interest, establishment","4755 Pasture Rd Building No. 341, Fallon, NV 89496, USA",89496,Fallon,Nevada,United States,39.4226023,-118.7236204
McHenry Village Shopping Center,,"shopping_mall, point_of_interest, establishment","1700 McHenry Ave, Modesto, CA 95350, USA",95350,Modesto,California,United States,37.6685065,-120.9936511
Plumas Pines Center,,"shopping_mall, point_of_interest, establishment","50 E Main St, Quincy, CA 95971, USA",95971,Quincy,California,United States,39.9368571,-120.936985
The Shops at Heavenly Village,,"shopping_mall, point_of_interest, establishment","1001 Heavenly Village Way, South Lake Tahoe, CA 96150, USA",96150,South Lake Tahoe,California,United States,38.9561322,-119.9429592
Metal Creations Retail,,"shopping_mall, point_of_interest, establishment","201 W Main St, Mountain View, AR 72560, USA",72560,Mountain View,Arkansas,United States,35.8687131,-92.11905829999999
Meadowood Mall,,"shopping_mall, point_of_interest, establishment","5000 Meadowood Mall Cir, Reno, NV 89502, USA",89502,Reno,Nevada,United States,39.4739865,-119.7828143
Meadowood Mall,,"shopping_mall, point_of_interest, establishment","5000 Meadowood Mall Cir, Reno, NV 89502, USA",89502,Reno,Nevada,United States,39.4739865,-119.7828143
Meadowood Mall,,"shopping_mall, point_of_interest, establishment","5000 Meadowood Mall Cir, Reno, NV 89502, USA",89502,Reno,Nevada,United States,39.4739865,-119.7828143
The Shops at Heavenly Village,,"shopping_mall, point_of_interest, establishment","1001 Heavenly Village Way, South Lake Tahoe, CA 96150, USA",96150,South Lake Tahoe,California,United States,38.9561322,-119.9429592
The Shops at Heavenly Village,,"shopping_mall, point_of_interest, establishment","1001 Heavenly Village Way, South Lake Tahoe, CA 96150, USA",96150,South Lake Tahoe,California,United States,38.9561322,-119.9429592
The Shops at Heavenly Village,,"shopping_mall, point_of_interest, establishment","1001 Heavenly Village Way, South Lake Tahoe, CA 96150, USA",96150,South Lake Tahoe,California,United States,38.9561322,-119.9429592
The Shops at Heavenly Village,,"shopping_mall, point_of_interest, establishment","1001 Heavenly Village Way, South Lake Tahoe, CA 96150, USA",96150,South Lake Tahoe,California,United States,38.9561322,-119.9429592
The Shops at Heavenly Village,,"shopping_mall, point_of_interest, establishment","1001 Heavenly Village Way, South Lake Tahoe, CA 96150, USA",96150,South Lake Tahoe,California,United States,38.9561322,-119.9429592
Meadowood Mall,,"shopping_mall, point_of_interest, establishment","5000 Meadowood Mall Cir, Reno, NV 89502, USA",89502,Reno,Nevada,United States,39.4739865,-119.7828143
Tanger Outlets Deer Park,,"shopping_mall, point_of_interest, establishment","152 The Arches Cir, Deer Park, NY 11729, USA",11729,Deer Park,New York,United States,40.7630521,-73.3062812
Tanger Outlets Deer Park,,"shopping_mall, point_of_interest, establishment","152 The Arches Cir, Deer Park, NY 11729, USA",11729,Deer Park,New York,United States,40.7630521,-73.3062812
Tanger Outlets Deer Park,,"shopping_mall, point_of_interest, establishment","152 The Arches Cir, Deer Park, NY 11729, USA",11729,Deer Park,New York,United States,40.7630521,-73.3062812
Tanger Outlets Deer Park,,"shopping_mall, point_of_interest, establishment","152 The Arches Cir, Deer Park, NY 11729, USA",11729,Deer Park,New York,United States,40.7630521,-73.3062812
Tanger Outlets Deer Park,,"shopping_mall, point_of_interest, establishment","152 The Arches Cir, Deer Park, NY 11729, USA",11729,Deer Park,New York,United States,40.7630521,-73.3062812
Tanger Outlets Deer Park,,"shopping_mall, point_of_interest, establishment","152 The Arches Cir, Deer Park, NY 11729, USA",11729,Deer Park,New York,United States,40.7630521,-73.3062812
Tanger Outlets Deer Park,,"shopping_mall, point_of_interest, establishment","152 The Arches Cir, Deer Park, NY 11729, USA",11729,Deer Park,New York,United States,40.7630521,-73.3062812
Tanger Outlets Deer Park,,"shopping_mall, point_of_interest, establishment","152 The Arches Cir, Deer Park, NY 11729, USA",11729,Deer Park,New York,United States,40.7630521,-73.3062812
Crown Center,,"shopping_mall, point_of_interest, establishment","2450 Grand Blvd Suite 200, Kansas City, MO 64108, USA",64108,Kansas City,Missouri,United States,39.0827778,-94.58222219999999
Crown Center,,"shopping_mall, point_of_interest, establishment","2450 Grand Blvd Suite 200, Kansas City, MO 64108, USA",64108,Kansas City,Missouri,United States,39.0827778,-94.58222219999999
Crown Center,,"shopping_mall, point_of_interest, establishment","2450 Grand Blvd Suite 200, Kansas City, MO 64108, USA",64108,Kansas City,Missouri,United States,39.0827778,-94.58222219999999
Crown Center,,"shopping_mall, point_of_interest, establishment","2450 Grand Blvd Suite 200, Kansas City, MO 64108, USA",64108,Kansas City,Missouri,United States,39.0827778,-94.58222219999999
Crown Center,,"shopping_mall, point_of_interest, establishment","2450 Grand Blvd Suite 200, Kansas City, MO 64108, USA",64108,Kansas City,Missouri,United States,39.0827778,-94.58222219999999
Crown Center,,"shopping_mall, point_of_interest, establishment","2450 Grand Blvd Suite 200, Kansas City, MO 64108, USA",64108,Kansas City,Missouri,United States,39.0827778,-94.58222219999999
Crown Center,,"shopping_mall, point_of_interest, establishment","2450 Grand Blvd Suite 200, Kansas City, MO 64108, USA",64108,Kansas City,Missouri,United States,39.0827778,-94.58222219999999
Crown Center,,"shopping_mall, point_of_interest, establishment","2450 Grand Blvd Suite 200, Kansas City, MO 64108, USA",64108,Kansas City,Missouri,United States,39.0827778,-94.58222219999999
The Town Square at Copper Valley,,"shopping_mall, point_of_interest, establishment","CA-4, Copperopolis, CA 95228, USA",95228,Copperopolis,California,United States,37.9719188,-120.6523027
The Town Square at Copper Valley,,"shopping_mall, point_of_interest, establishment","CA-4, Copperopolis, CA 95228, USA",95228,Copperopolis,California,United States,37.9719188,-120.6523027
The Town Square at Copper Valley,,"shopping_mall, point_of_interest, establishment","CA-4, Copperopolis, CA 95228, USA",95228,Copperopolis,California,United States,37.9719188,-120.6523027
The Town Square at Copper Valley,,"shopping_mall, point_of_interest, establishment","CA-4, Copperopolis, CA 95228, USA",95228,Copperopolis,California,United States,37.9719188,-120.6523027
The Town Square at Copper Valley,,"shopping_mall, point_of_interest, establishment","CA-4, Copperopolis, CA 95228, USA",95228,Copperopolis,California,United States,37.9719188,-120.6523027
The Town Square at Copper Valley,,"shopping_mall, point_of_interest, establishment","CA-4, Copperopolis, CA 95228, USA",95228,Copperopolis,California,United States,37.9719188,-120.6523027
The Town Square at Copper Valley,,"shopping_mall, point_of_interest, establishment","CA-4, Copperopolis, CA 95228, USA",95228,Copperopolis,California,United States,37.9719188,-120.6523027
The Shops at Heavenly Village,,"shopping_mall, point_of_interest, establishment","1001 Heavenly Village Way, South Lake Tahoe, CA 96150, USA",96150,South Lake Tahoe,California,United States,38.9561322,-119.9429592
The Shops at Heavenly Village,,"shopping_mall, point_of_interest, establishment","1001 Heavenly Village Way, South Lake Tahoe, CA 96150, USA",96150,South Lake Tahoe,California,United States,38.9561322,-119.9429592
The Shops at Heavenly Village,,"shopping_mall, point_of_interest, establishment","1001 Heavenly Village Way, South Lake Tahoe, CA 96150, USA",96150,South Lake Tahoe,California,United States,38.9561322,-119.9429592
The River at Rancho Mirage,,"shopping_mall, point_of_interest, establishment","71800 CA-111, Rancho Mirage, CA 92270, USA",92270,Rancho Mirage,California,United States,33.7401278,-116.4098097
The River at Rancho Mirage,,"shopping_mall, point_of_interest, establishment","71800 CA-111, Rancho Mirage, CA 92270, USA",92270,Rancho Mirage,California,United States,33.7401278,-116.4098097
The River at Rancho Mirage,,"shopping_mall, point_of_interest, establishment","71800 CA-111, Rancho Mirage, CA 92270, USA",92270,Rancho Mirage,California,United States,33.7401278,-116.4098097
The River at Rancho Mirage,,"shopping_mall, point_of_interest, establishment","71800 CA-111, Rancho Mirage, CA 92270, USA",92270,Rancho Mirage,California,United States,33.7401278,-116.4098097
The River at Rancho Mirage,,"shopping_mall, point_of_interest, establishment","71800 CA-111, Rancho Mirage, CA 92270, USA",92270,Rancho Mirage,California,United States,33.7401278,-116.4098097
The River at Rancho Mirage,,"shopping_mall, point_of_interest, establishment","71800 CA-111, Rancho Mirage, CA 92270, USA",92270,Rancho Mirage,California,United States,33.7401278,-116.4098097
The River at Rancho Mirage,,"shopping_mall, point_of_interest, establishment","71800 CA-111, Rancho Mirage, CA 92270, USA",92270,Rancho Mirage,California,United States,33.7401278,-116.4098097
Great Mall,,"shopping_mall, point_of_interest, establishment","447 Great Mall Dr, Milpitas, CA 95035, USA",95035,Milpitas,California,United States,37.415738,-121.897412
The Shops at Heavenly Village,,"shopping_mall, point_of_interest, establishment","1001 Heavenly Village Way, South Lake Tahoe, CA 96150, USA",96150,South Lake Tahoe,California,United States,38.9561322,-119.9429592
The Shops at Heavenly Village,,"shopping_mall, point_of_interest, establishment","1001 Heavenly Village Way, South Lake Tahoe, CA 96150, USA",96150,South Lake Tahoe,California,United States,38.9561322,-119.9429592
Navy Exchange Main,,"department_store, shopping_mall, store, point_of_interest, establishment","4755 Pasture Rd Building No. 341, Fallon, NV 89496, USA",89496,Fallon,Nevada,United States,39.4226023,-118.7236204
Navy Exchange Main,,"department_store, shopping_mall, point_of_interest, store, establishment","4755 Pasture Rd Building No. 341, Fallon, NV 89496, USA",89496,Fallon,Nevada,United States,39.4226023,-118.7236204
The Shops at Heavenly Village,,"shopping_mall, point_of_interest, establishment","1001 Heavenly Village Way, South Lake Tahoe, CA 96150, USA",96150,South Lake Tahoe,California,United States,38.9561322,-119.9429592
Meadowood Mall,,"shopping_mall, point_of_interest, establishment","5000 Meadowood Mall Cir, Reno, NV 89502, USA",89502,Reno,Nevada,United States,39.4739865,-119.7828143
Emporium Centre San Francisco,,"shopping_mall, point_of_interest, establishment","865 Market St, San Francisco, CA 94103, USA",94103,San Francisco,California,United States,37.78428340000001,-122.40712
Emporium Centre San Francisco,,"shopping_mall, point_of_interest, establishment","865 Market St, San Francisco, CA 94103, USA",94103,San Francisco,California,United States,37.78428340000001,-122.40712
Emporium Centre San Francisco,,"shopping_mall, point_of_interest, establishment","865 Market St, San Francisco, CA 94103, USA",94103,San Francisco,California,United States,37.78428340000001,-122.40712
Great Mall,,"shopping_mall, point_of_interest, establishment","447 Great Mall Dr, Milpitas, CA 95035, USA",95035,Milpitas,California,United States,37.415738,-121.897412
The River at Rancho Mirage,,"shopping_mall, point_of_interest, establishment","71800 CA-111, Rancho Mirage, CA 92270, USA",92270,Rancho Mirage,California,United States,33.7401278,-116.4098097
The River at Rancho Mirage,,"shopping_mall, point_of_interest, establishment","71800 CA-111, Rancho Mirage, CA 92270, USA",92270,Rancho Mirage,California,United States,33.7401278,-116.4098097
Navy Exchange Main,,"department_store, shopping_mall, store, point_of_interest, establishment","4755 Pasture Rd Building No. 341, Fallon, NV 89496, USA",89496,Fallon,Nevada,United States,39.4226023,-118.7236204
Plumas Pines Center,,"shopping_mall, point_of_interest, establishment","50 E Main St, Quincy, CA 95971, USA",95971,Quincy,California,United States,39.9368571,-120.936985
The River at Rancho Mirage,,"shopping_mall, point_of_interest, establishment","71800 CA-111, Rancho Mirage, CA 92270, USA",92270,Rancho Mirage,California,United States,33.7401278,-116.4098097
The River at Rancho Mirage,,"shopping_mall, point_of_interest, establishment","71800 CA-111, Rancho Mirage, CA 92270, USA",92270,Rancho Mirage,California,United States,33.7401278,-116.4098097
The River at Rancho Mirage,,"shopping_mall, point_of_interest, establishment","71800 CA-111, Rancho Mirage, CA 92270, USA",92270,Rancho Mirage,California,United States,33.7401278,-116.4098097
The River at Rancho Mirage,,"shopping_mall, point_of_interest, establishment","71800 CA-111, Rancho Mirage, CA 92270, USA",92270,Rancho Mirage,California,United States,33.7401278,-116.4098097
The River at Rancho Mirage,,"shopping_mall, point_of_interest, establishment","71800 CA-111, Rancho Mirage, CA 92270, USA",92270,Rancho Mirage,California,United States,33.7401278,-116.4098097
The River at Rancho Mirage,,"shopping_mall, point_of_interest, establishment","71800 CA-111, Rancho Mirage, CA 92270, USA",92270,Rancho Mirage,California,United States,33.7401278,-116.4098097
The River at Rancho Mirage,,"shopping_mall, point_of_interest, establishment","71800 CA-111, Rancho Mirage, CA 92270, USA",92270,Rancho Mirage,California,United States,33.7401278,-116.4098097
The River at Rancho Mirage,,"shopping_mall, point_of_interest, establishment","71800 CA-111, Rancho Mirage, CA 92270, USA",92270,Rancho Mirage,California,United States,33.7401278,-116.4098097
The River at Rancho Mirage,,"shopping_mall, point_of_interest, establishment","71800 CA-111, Rancho Mirage, CA 92270, USA",92270,Rancho Mirage,California,United States,33.7401278,-116.4098097
The River at Rancho Mirage,,"shopping_mall, point_of_interest, establishment","71800 CA-111, Rancho Mirage, CA 92270, USA",92270,Rancho Mirage,California,United States,33.7401278,-116.4098097
The River at Rancho Mirage,,"shopping_mall, point_of_interest, establishment","71800 CA-111, Rancho Mirage, CA 92270, USA",92270,Rancho Mirage,California,United States,33.7401278,-116.4098097
Promenade at Casa Grande,,"shopping_mall, restaurant, point_of_interest, food, clothing_store, store, establishment","1005 N Promenade Pkwy, Casa Grande, AZ 85194, USA",85194,Casa Grande,Arizona,United States,32.8836095,-111.6828825
Plumas Pines Center,,"shopping_mall, point_of_interest, establishment","50 E Main St, Quincy, CA 95971, USA",95971,Quincy,California,United States,39.9368571,-120.936985
The River at Rancho Mirage,,"shopping_mall, point_of_interest, establishment","71800 CA-111, Rancho Mirage, CA 92270, USA",92270,Rancho Mirage,California,United States,33.7401278,-116.4098097
San Francisco Premium Outlets,,"shopping_mall, point_of_interest, establishment","2774 Livermore Outlets Dr, Livermore, CA 94551, USA",94551,Livermore,California,United States,37.6987272,-121.8440481
San Francisco Premium Outlets,,"shopping_mall, point_of_interest, establishment","2774 Livermore Outlets Dr, Livermore, CA 94551, USA",94551,Livermore,California,United States,37.6987272,-121.8440481
Arden Fair,,"shopping_mall, clothing_store, restaurant, point_of_interest, food, store, establishment","1689 Arden Wy, Sacramento, CA 95815, USA",95815,Sacramento,California,United States,38.6011646,-121.4276086
Arden Fair,,"shopping_mall, clothing_store, restaurant, food, point_of_interest, store, establishment","1689 Arden Wy, Sacramento, CA 95815, USA",95815,Sacramento,California,United States,38.6011646,-121.4276086
Navy Exchange Main,,"department_store, shopping_mall, store, point_of_interest, establishment","4755 Pasture Rd Building No. 341, Fallon, NV 89496, USA",89496,Fallon,Nevada,United States,39.4226023,-118.7236204
Grapevine Mills,,"shopping_mall, point_of_interest, establishment","3000 Grapevine Mills Pkwy, Grapevine, TX 76051, USA",76051,Grapevine,Texas,United States,32.965993,-97.04276039999999
Great Mall,,"shopping_mall, point_of_interest, establishment","447 Great Mall Dr, Milpitas, CA 95035, USA",95035,Milpitas,California,United States,37.415738,-121.897412
Emporium Centre San Francisco,,"shopping_mall, point_of_interest, establishment","865 Market St, San Francisco, CA 94103, USA",94103,San Francisco,California,United States,37.78428340000001,-122.40712
Wenatchee Valley Mall,,"shopping_mall, point_of_interest, establishment","511 Valley Mall Pkwy, East Wenatchee, WA 98802, USA",98802,East Wenatchee,Washington,United States,47.41144669999999,-120.2892811
Crossville Outlet Center,,"shopping_mall, point_of_interest, establishment","228 Interstate Dr, Crossville, TN 38555, USA",38555,Crossville,Tennessee,United States,35.9816169,-85.0185103
Promenade at Casa Grande,,"shopping_mall, clothing_store, store, restaurant, food, point_of_interest, establishment","1005 N Promenade Pkwy, Casa Grande, AZ 85194, USA",85194,Casa Grande,Arizona,United States,32.8836095,-111.6828825
Navy Exchange Main,,"department_store, shopping_mall, point_of_interest, store, establishment","4755 Pasture Rd Building No. 341, Fallon, NV 89496, USA",89496,Fallon,Nevada,United States,39.4226023,-118.7236204
Navy Exchange Main,,"department_store, shopping_mall, store, point_of_interest, establishment","4755 Pasture Rd Building No. 341, Fallon, NV 89496, USA",89496,Fallon,Nevada,United States,39.4226023,-118.7236204
Great Mall,,"shopping_mall, point_of_interest, establishment","447 Great Mall Dr, Milpitas, CA 95035, USA",95035,Milpitas,California,United States,37.415738,-121.897412
The River at Rancho Mirage,,"shopping_mall, point_of_interest, establishment","71800 CA-111, Rancho Mirage, CA 92270, USA",92270,Rancho Mirage,California,United States,33.7401278,-116.4098097
The River at Rancho Mirage,,"shopping_mall, point_of_interest, establishment","71800 CA-111, Rancho Mirage, CA 92270, USA",92270,Rancho Mirage,California,United States,33.7401278,-116.4098097
The River at Rancho Mirage,,"shopping_mall, point_of_interest, establishment","71800 CA-111, Rancho Mirage, CA 92270, USA",92270,Rancho Mirage,California,United States,33.7401278,-116.4098097
The River at Rancho Mirage,,"shopping_mall, point_of_interest, establishment","71800 CA-111, Rancho Mirage, CA 92270, USA",92270,Rancho Mirage,California,United States,33.7401278,-116.4098097
Promenade at Casa Grande,,"shopping_mall, clothing_store, restaurant, point_of_interest, food, store, establishment","1005 N Promenade Pkwy, Casa Grande, AZ 85194, USA",85194,Casa Grande,Arizona,United States,32.8836095,-111.6828825
Promenade at Casa Grande,,"shopping_mall, clothing_store, restaurant, food, store, point_of_interest, establishment","1005 N Promenade Pkwy, Casa Grande, AZ 85194, USA",85194,Casa Grande,Arizona,United States,32.8836095,-111.6828825
La Plaza Mall,,"shopping_mall, point_of_interest, establishment","2200 S 10th St, McAllen, TX 78503, USA",78503,McAllen,Texas,United States,26.1848659,-98.23589589999999
Arizona Mills,,"shopping_mall, point_of_interest, establishment","5000 S Arizona Mills Cir, Tempe, AZ 85282, USA",85282,Tempe,Arizona,United States,33.3830454,-111.9644722
Arizona Mills,,"shopping_mall, point_of_interest, establishment","5000 S Arizona Mills Cir, Tempe, AZ 85282, USA",85282,Tempe,Arizona,United States,33.3830454,-111.9644722
Arrowhead Towne Center,,"shopping_mall, restaurant, point_of_interest, food, clothing_store, store, establishment","7700 W Arrowhead Towne Center, Glendale, AZ 85308, USA",85308,Glendale,Arizona,United States,33.6420107,-112.2253493
Promenade at Casa Grande,,"shopping_mall, clothing_store, store, restaurant, point_of_interest, food, establishment","1005 N Promenade Pkwy, Casa Grande, AZ 85194, USA",85194,Casa Grande,Arizona,United States,32.8836095,-111.6828825
